written,how,became,reason,menus
a milk,by rule,milk_glass,a milk drink: a glass of milk,iit-kanpur__hall-11
aalu tikki mirch,by rule,cutlet,a cutlet,iiser-bhopal__dining-hall-3
aam panna,by rule,(not counted),"a sweetened water drink: sugar, and no nutrient the study measures in any amount",gniot-greater-noida__hostel iit-kanpur__hall-11
adai dosai,by rule,dosa,a pancake of fermented batter or gram flour: dosa stands in,sns-college-of-engineering__hostel-mess
ahrhar dal,by rule,toor_dal_tadka,toor dal,iiser-bhopal__dining-hall-3
alog cauliflower,by rule,gobhi_dry,a cabbage or cauliflower sabzi,iit-kanpur__hall-8
alog dum,by hand,dum_aloo,,iit-kanpur__hall-8
alog green matar bijiya,by rule,mix_veg,a vegetable dish: mix veg stands in,iit-kanpur__hall-8
alog pyao gorbi,by hand,gobhi_dry,,iit-kanpur__hall-8
alog soyabiran,by hand,soya_badi,,iit-kanpur__hall-8
alog sweet,by rule,gulab_jamun,an Indian sweet: gulab jamun stands in,iit-kanpur__hall-8
alog tamar,by hand,aloo_tomato,,iit-kanpur__hall-8
aloo,by rule,mix_veg,a vegetable dish: mix veg stands in,iit-tirupati__central-mess-apr2024
aloo 65,by rule,pakoda,a fritter,iit-bombay__hostel-3 iit-tirupati__central-mess-apr2024
aloo beans,by rule,mix_veg,a vegetable dish: mix veg stands in,iit-madras__ccw-veg-menu
aloo bhindi aloo 20,by rule,kurmuri_bhindi,a bhindi sabzi,iit-kanpur__hall-2
aloo bhujiyai rice veg pulao basmati rice daal tadka,by hand,aloo_bhujiya; peas_pulao; dal_tadka,,iiser-bhopal__dining-hall-3
aloo chook,by rule,mix_veg,a vegetable dish: mix veg stands in,iit-kanpur__hall-11
aloo chutney,by rule,green_chutney,a chutney,iit-kanpur__hall-2
aloo gobhi,by rule,gobhi_dry,a cabbage or cauliflower sabzi,iit-kanpur__hall-2
aloo kala chana,by rule,black_chana_aloo,black chana,iit-delhi__jwalamukhi-hostel
aloo masala chole bhature,by hand,aloo_jeera; chole; poori,,gniot-greater-noida__hostel
aloo masala curry,by rule,mix_veg,a vegetable dish: mix veg stands in,iit-tirupati__central-mess-apr2024
aloo matar,by rule,aloo_tomato,a potato gravy,gniot-greater-noida__hostel iit-delhi__jwalamukhi-hostel vnit-nagpur__aaswad-mess
aloo matar gravy,by rule,aloo_tomato,a potato gravy,iit-kanpur__hall-11
aloo matar sabji,by rule,aloo_tomato,a potato gravy,iit-kanpur__hall-11
aloo matar sandwich,by rule,bread_slice,"bread, however it is served",vnit-nagpur__aaswad-mess
aloo mutter tamar gravy,by rule,aloo_tomato,a potato gravy,iit-kanpur__hall-2
aloo palak,by rule,mix_veg,a vegetable dish: mix veg stands in,iit-kanpur__hall-2
aloo parval sabji,by rule,mix_veg,a vegetable dish: mix veg stands in,gniot-greater-noida__hostel
aloo parwal gravy,by rule,mix_veg,a vegetable dish: mix veg stands in,iit-kanpur__hall-11
aloo sabji,by rule,mix_veg,a vegetable dish: mix veg stands in,gniot-greater-noida__hostel
aloo shimla,by rule,mix_veg,a vegetable dish: mix veg stands in,iit-kanpur__hall-2
aloo shimla mirch,by rule,mix_veg,a vegetable dish: mix veg stands in,iit-delhi__jwalamukhi-hostel
aloo simla,by rule,mix_veg,a vegetable dish: mix veg stands in,gniot-greater-noida__hostel
aloo tikki papri with matar,by hand,cutlet; corn_chat,,gniot-greater-noida__hostel
aloo tomato with plain paratha,by hand,aloo_tomato; aloo_paratha,,gniot-greater-noida__hostel
aloo white matar,by rule,mix_veg,a vegetable dish: mix veg stands in,iit-kanpur__hall-11
alternate weeks shahi paneer,by rule,paneer_butter_masala,a rich paneer gravy,iit-kanpur__hall-11
alu bhaji,by rule,mix_veg,a vegetable dish: mix veg stands in,tezpur-university__kwh-womens-hostel
alu bondhakobi,by rule,gobhi_dry,a cabbage or cauliflower sabzi,tezpur-university__kwh-womens-hostel
alu chicken nv,by rule,(not counted),"meat and fish: the study solves vegetarian and egg diets, which never eat them",tezpur-university__kwh-womens-hostel
alu french beans,by rule,mix_veg,a vegetable dish: mix veg stands in,tezpur-university__kwh-womens-hostel
alu fulkobi,by rule,gobhi_dry,a cabbage or cauliflower sabzi,tezpur-university__kwh-womens-hostel
alu matar,by rule,mix_veg,a vegetable dish: mix veg stands in,tezpur-university__kwh-womens-hostel
alu paneer,by rule,mutter_paneer,a paneer dish: mutter paneer stands in,tezpur-university__kwh-womens-hostel
alu soyabean,by rule,soya_badi,soya chunks,tezpur-university__kwh-womens-hostel
alupitika,by hand,aloo_choka,,tezpur-university__kwh-womens-hostel
amritsari chhole,by rule,chole,a chickpea curry,iit-delhi__jwalamukhi-hostel
amti,by hand,dal_tadka,,vnit-nagpur__aaswad-mess
anda bhurji,by rule,egg_bhurji,an omelette or scrambled egg: egg cooked in oil,iit-delhi__jwalamukhi-hostel
any fruit seasonal,by rule,fruit_portion,a piece of fruit,iiser-bhopal__dining-hall-3
arhar daal sweet,by rule,toor_dal_tadka,toor dal,iit-kanpur__hall-8
arthar dal,by rule,toor_dal_tadka,toor dal,iit-kanpur__hall-11
arvi masala,by rule,mix_veg,a vegetable dish: mix veg stands in,iit-kanpur__hall-2
awa veg dry chapati,by rule,roti,a flatbread,iit-dharwad__central-mess
baati chokha non veg chicken biryani,by hand,roti; aloo_choka,,iit-kanpur__hall-8
babycorn alu,by rule,mix_veg,a vegetable dish: mix veg stands in,tezpur-university__kwh-womens-hostel
bagara rice sherva,by rule,plain_rice,rice,iit-madras__ccw-veg-menu
baigaan aloo,by hand,mix_veg,,vnit-nagpur__aaswad-mess
baigaan masala,by rule,mix_veg,a vegetable dish: mix veg stands in,vnit-nagpur__aaswad-mess
baigan bhrata,by hand,mix_veg,,iit-bombay__hostel-3
baira rott,by rule,roti,a flatbread,vnit-nagpur__aaswad-mess
bajra rott,by rule,roti,a flatbread,vnit-nagpur__aaswad-mess
banana 2,by rule,fruit_portion,a piece of fruit,iit-kanpur__hall-2
banana 2p,by rule,fruit_portion,a piece of fruit,vnit-nagpur__aaswad-mess
banana fruit,by rule,fruit_portion,a piece of fruit,iit-madras__ccw-veg-menu
banana kofta,by rule,veg_kofta,fried vegetable balls in gravy,tezpur-university__kwh-womens-hostel
banana pcs,by rule,fruit_portion,a piece of fruit,iit-kanpur__hall-8
banana shake,by rule,milk_glass,a milk drink: a glass of milk,iit-kanpur__hall-11
bananaa coffee,by rule,tea,coffee and tea are made with milk in a mess: the catalog's tea stands in for both,iit-dharwad__central-mess
bbj 4 slices coffee,by rule,tea,coffee and tea are made with milk in a mess: the catalog's tea stands in for both,iit-dharwad__central-mess
beans,by rule,mix_veg,a vegetable dish: mix veg stands in,sns-college-of-engineering__hostel-mess
beet root,by rule,salad,raw vegetables,vnit-nagpur__aaswad-mess
beetroot,by rule,salad,raw vegetables,iiser-bhopal__dining-hall-3 vnit-nagpur__aaswad-mess
beetroot fry,by rule,mix_veg,a vegetable dish: mix veg stands in,iit-tirupati__central-mess-apr2024
beetroot poriyal,by rule,mix_veg,a vegetable dish: mix veg stands in,iit-madras__ccw-veg-menu
bengena bhaji,by rule,mix_veg,a vegetable dish: mix veg stands in,tezpur-university__kwh-womens-hostel
bengena pakora v,by rule,pakoda,a fritter,tezpur-university__kwh-womens-hostel
besan barfi,by rule,gulab_jamun,an Indian sweet: gulab jamun stands in,iiser-bhopal__dining-hall-3
besan gatta sabji,by rule,mix_veg,a vegetable dish: mix veg stands in,iit-kanpur__hall-2
bhature,by rule,poori,a deep-fried bread,iiser-bhopal__dining-hall-3 iit-bombay__hostel-3 iit-delhi__jwalamukhi-hostel sliet-longowal__hostel-mess
bhelpuri,by hand,corn_chat,,gniot-greater-noida__hostel
bhindi fry,by rule,kurmuri_bhindi,a bhindi sabzi,iit-bombay__hostel-3
bhindi masala,by rule,kurmuri_bhindi,a bhindi sabzi,iit-kanpur__hall-2 iit-madras__ccw-veg-menu
bhindi pyaja,by rule,kurmuri_bhindi,a bhindi sabzi,iit-kanpur__hall-11
bhindl masala,by rule,kurmuri_bhindi,a bhindi sabzi,gniot-greater-noida__hostel
bichotala,by hand,(not counted),,iit-kanpur__hall-8
bindi peanut onion fry,by rule,mix_veg,a vegetable dish: mix veg stands in,iit-tirupati__central-mess-apr2024
biscuit,by rule,ratlami_sev,a packaged or fried namkeen: sev stands in,gniot-greater-noida__hostel sns-college-of-engineering__hostel-mess
bisi bele bhaath karabodhi odd vermicelli upmav en tadakaa kabuli chaana bbj,by rule,plain_rice; dal_mix,khichdi and pongal are rice cooked with dal,iit-dharwad__central-mess
bitter gourd fry,by rule,mix_veg,a vegetable dish: mix veg stands in,iit-madras__ccw-veg-menu
black,by rule,(not counted),"a heading, a label or a word left over from a split cell, not a dish",iiser-bhopal__dining-hall-3
black masoor dal,by rule,masoor_dal_dish,masoor dal,gniot-greater-noida__hostel
boiled,by rule,(not counted),"a heading, a label or a word left over from a split cell, not a dish",iit-delhi__jwalamukhi-hostel
boiled black channa,by rule,chole,a chickpea curry,iit-madras__ccw-veg-menu
boiled chawl white,by hand,plain_rice,,iit-madras__ccw-veg-menu
boiled egg 01 no or 04 numbers of bread slices sandwich bread cake size with 17 gram butter or 20 gram jam or boiled egg 01 no or 8 5 gram butter,by hand,boiled_egg; bread_slice; amul_butter; jam,,sliet-longowal__hostel-mess
boiled egg 01 no or 04 numbers of bread slices sandwich bread cake size with 17 gram butter or boiled egg 01 no or 8 5 gram butter,by hand,boiled_egg; bread_slice; amul_butter,,sliet-longowal__hostel-mess
boiled green gram,by rule,boiled_sprouts,sprouts or boiled pulses,iit-madras__ccw-veg-menu
boiled peanut,by rule,boiled_sprouts,sprouts or boiled pulses,iit-bombay__hostel-3 iit-madras__ccw-veg-menu
boiled sweet corn,by hand,sweetcorn_side,,iit-madras__ccw-veg-menu
boiled white channa,by rule,chole,a chickpea curry,iit-madras__ccw-veg-menu
boiled white peas,by rule,mix_veg,a vegetable dish: mix veg stands in,iit-madras__ccw-veg-menu
bolled sabji,by rule,mix_veg,a vegetable dish: mix veg stands in,iit-kanpur__hall-8
bombay chutney,by rule,green_chutney,a chutney,iit-kanpur__hall-8
bombay sandwich,by rule,bread_slice,"bread, however it is served",iit-kanpur__hall-2
bonda,by rule,pakoda,a fritter,sns-college-of-engineering__hostel-mess
bondhakobi motor,by rule,gobhi_dry,a cabbage or cauliflower sabzi,tezpur-university__kwh-womens-hostel
bondi rabbi veg,by rule,mix_veg,a vegetable dish: mix veg stands in,iit-kanpur__hall-8
boondi laddu,by rule,gulab_jamun,an Indian sweet: gulab jamun stands in,gniot-greater-noida__hostel
boost milk,by rule,milk_glass,a milk drink: a glass of milk,iit-madras__ccw-veg-menu
bottle guard dal,by rule,dal_tadka,a dal: the catalog's dal tadka stands in,iit-tirupati__central-mess-apr2024
bottle guard poriyal,by rule,mix_veg,a vegetable dish: mix veg stands in,sns-college-of-engineering__hostel-mess
bournvita,by rule,milk_glass,a milk drink: a glass of milk,iiser-bhopal__dining-hall-3 iit-delhi__jwalamukhi-hostel iit-dharwad__central-mess iit-kanpur__hall-11 iit-kanpur__hall-8
bread butter,by rule,bread_slice,"bread, however it is served",gniot-greater-noida__hostel iit-kanpur__hall-2
bread pakora,by rule,bread_slice,"bread, however it is served",iit-madras__ccw-veg-menu
breshan bhujiya,by rule,ratlami_sev,a packaged or fried namkeen: sev stands in,iit-kanpur__hall-8
brinjal fry,by rule,mix_veg,a vegetable dish: mix veg stands in,iit-tirupati__central-mess-apr2024
brinjal ki sabxi,by rule,mix_veg,a vegetable dish: mix veg stands in,iit-madras__ccw-veg-menu
brown bread,by rule,bread_slice,"bread, however it is served",iit-madras__ccw-veg-menu
brownie with ice cream,by hand,brownie_square; fruit_custard,,iit-delhi__jwalamukhi-hostel
bud dal,by rule,dal_tadka,a dal: the catalog's dal tadka stands in,tezpur-university__kwh-womens-hostel
bud dal lau dhania,by rule,dal_tadka,a dal: the catalog's dal tadka stands in,tezpur-university__kwh-womens-hostel
bundi,by hand,boondi_raita,,iit-tirupati__central-mess-apr2024
burfi,by rule,gulab_jamun,an Indian sweet: gulab jamun stands in,iit-bombay__hostel-3
butter chicken,by rule,(not counted),"meat and fish: the study solves vegetarian and egg diets, which never eat them",iit-bombay__hostel-3
butter fried daal,by rule,dal_tadka,a dal: the catalog's dal tadka stands in,iit-bombay__hostel-3
butter fried dal,by rule,dal_tadka,a dal: the catalog's dal tadka stands in,iit-bombay__hostel-3
butter milk,by rule,dahi,buttermilk and lassi are thinned curd: stood in for by a small curd (80 g),iit-tirupati__central-mess-apr2024 sns-college-of-engineering__hostel-mess vnit-nagpur__aaswad-mess
butter milk with pickle,by rule,dahi,buttermilk and lassi are thinned curd: stood in for by a small curd (80 g),sns-college-of-engineering__hostel-mess
butter pepper corn,by rule,sweetcorn_side,sweetcorn,iit-delhi__jwalamukhi-hostel
butter salted popcorn,by hand,poha,,iit-madras__ccw-veg-menu
buttered,by rule,(not counted),"a heading, a label or a word left over from a split cell, not a dish",iit-kanpur__hall-2
buttermilk,by rule,dahi,buttermilk and lassi are thinned curd: stood in for by a small curd (80 g),iiser-bhopal__dining-hall-3 iit-madras__ccw-veg-menu
c options for butter,by rule,amul_butter,butter or ghee,iit-kanpur__hall-11
cabbage,by rule,gobhi_dry,a cabbage or cauliflower sabzi,iiser-bhopal__dining-hall-3
cabbage fry,by rule,gobhi_dry,a cabbage or cauliflower sabzi,iit-tirupati__central-mess-apr2024
cabbage peas sabji,by rule,gobhi_dry,a cabbage or cauliflower sabzi,iit-madras__ccw-veg-menu
cabbage poriyal,by rule,gobhi_dry,a cabbage or cauliflower sabzi,sns-college-of-engineering__hostel-mess
capscium subzi,by rule,mix_veg,a vegetable dish: mix veg stands in,iit-kanpur__hall-8
carrot,by rule,salad,raw vegetables,iiser-bhopal__dining-hall-3 vnit-nagpur__aaswad-mess
carrot chapati,by rule,roti,a flatbread,iit-dharwad__central-mess
carrot poriyal,by rule,mix_veg,a vegetable dish: mix veg stands in,sns-college-of-engineering__hostel-mess
catchup,by rule,(not counted),a condiment or garnish: served in amounts too small to move a nutrient,gniot-greater-noida__hostel
cauliflower,by rule,gobhi_dry,a cabbage or cauliflower sabzi,iit-tirupati__central-mess-apr2024
cauliflower aloo,by rule,gobhi_dry,a cabbage or cauliflower sabzi,vnit-nagpur__aaswad-mess
cauliflower peas curry,by rule,gobhi_dry,a cabbage or cauliflower sabzi,iit-madras__ccw-veg-menu
chaas,by rule,dahi,buttermilk and lassi are thinned curd: stood in for by a small curd (80 g),iit-bombay__hostel-3
chana,by hand,boiled_sprouts,,iiser-bhopal__dining-hall-3 iit-tirupati__central-mess-apr2024
chana chaat,by rule,boiled_sprouts,sprouts or boiled pulses,iit-madras__ccw-veg-menu
chana curry,by rule,chole,a chickpea curry,vnit-nagpur__aaswad-mess
chana daal coconut flavour,by rule,dal_tadka,a dal: the catalog's dal tadka stands in,iit-kanpur__hall-8
chana dal,by rule,dal_tadka,a dal: the catalog's dal tadka stands in,gniot-greater-noida__hostel iit-delhi__jwalamukhi-hostel iit-kanpur__hall-11
chana dal takda,by rule,dal_tadka,a dal: the catalog's dal tadka stands in,vnit-nagpur__aaswad-mess
chana masala,by rule,chole,a chickpea curry,iit-bombay__hostel-3
chana urad dal,by rule,dal_makhani,a black dal,gniot-greater-noida__hostel
chanch,by rule,dahi,buttermilk and lassi are thinned curd: stood in for by a small curd (80 g),iit-kanpur__hall-11
channa daal sweet maalpuja veg,by hand,dal_tadka; gulab_jamun,,iit-kanpur__hall-8
chapati plain,by rule,roti,a flatbread,iit-kanpur__hall-2
chate pate aloo,by rule,mix_veg,a vegetable dish: mix veg stands in,gniot-greater-noida__hostel
chatni,by rule,green_chutney,a chutney,iit-bombay__hostel-3
chawli masala,by rule,rajma_dish,a whole-bean curry: rajma stands in,iit-bombay__hostel-3
chena pays,by rule,kheer,a milk pudding,gniot-greater-noida__hostel
chenna masala,by rule,chole,a chickpea curry,sns-college-of-engineering__hostel-mess
chhhola,by rule,chole,a chickpea curry,iit-kanpur__hall-2
chhola bhattra,by hand,chole; poori,,iit-kanpur__hall-2
chicken,by rule,(not counted),"meat and fish: the study solves vegetarian and egg diets, which never eat them",iit-tirupati__central-mess-apr2024
chicken biryani plain rice,by rule,(not counted),"meat and fish: the study solves vegetarian and egg diets, which never eat them",iit-dharwad__central-mess
chicken curry 2 pos matar pulav,by hand,peas_pulao,,iit-kanpur__hall-8
chicken kalmircu,by rule,(not counted),"meat and fish: the study solves vegetarian and egg diets, which never eat them",iit-kanpur__hall-8
chicken kohlapuri,by rule,(not counted),"meat and fish: the study solves vegetarian and egg diets, which never eat them",iit-dharwad__central-mess
chicken kosha 02 pcs,by rule,(not counted),"meat and fish: the study solves vegetarian and egg diets, which never eat them",iit-kanpur__hall-11
chicken kulhapuri,by rule,(not counted),"meat and fish: the study solves vegetarian and egg diets, which never eat them",vnit-nagpur__aaswad-mess
chicken tikka masala,by rule,(not counted),"meat and fish: the study solves vegetarian and egg diets, which never eat them",iit-tirupati__central-mess-apr2024
chilli chicken nv,by rule,(not counted),"meat and fish: the study solves vegetarian and egg diets, which never eat them",tezpur-university__kwh-womens-hostel
chilli gobi,by rule,gobhi_dry,a cabbage or cauliflower sabzi,iit-bombay__hostel-3
chilli paneer moong dal,by hand,mutter_paneer; dal_tadka,,iiser-bhopal__dining-hall-3
chilli paneer paneer 50gms on alternate week,by rule,mutter_paneer,a paneer dish: mutter paneer stands in,sliet-longowal__hostel-mess
chilli paneer v,by rule,mutter_paneer,a paneer dish: mutter paneer stands in,tezpur-university__kwh-womens-hostel
chittan panner thika,by hand,mutter_paneer,,iit-kanpur__hall-8
chocolate milkshake,by rule,milk_glass,a milk drink: a glass of milk,iit-bombay__hostel-3
chocos,by rule,cereal_bowl,breakfast cereal,iit-bombay__hostel-3 iit-delhi__jwalamukhi-hostel iit-kanpur__hall-11 iit-madras__ccw-veg-menu
chole masala aloo jeeraa poor green chilli,by rule,chole,a chickpea curry,iit-dharwad__central-mess
chole puri,by hand,chole; poori,,gniot-greater-noida__hostel
chow,by rule,noodles,noodles or pasta,tezpur-university__kwh-womens-hostel
chowmein with red,by rule,noodles,noodles or pasta,gniot-greater-noida__hostel
chutney,by rule,green_chutney,a chutney,sliet-longowal__hostel-mess vnit-nagpur__aaswad-mess
cluster beans,by rule,mix_veg,a vegetable dish: mix veg stands in,iit-tirupati__central-mess-apr2024
coconut chutney 8 00 am to 10 00 am,by hand,nariyal_chutney,,iiser-bhopal__dining-hall-3
cocunut milk,by rule,milk_glass,a milk drink: a glass of milk,sns-college-of-engineering__hostel-mess
cold milk,by rule,milk_glass,a milk drink: a glass of milk,iit-kanpur__hall-11
com palak masala,by rule,mix_veg,a vegetable dish: mix veg stands in,iit-tirupati__central-mess-apr2024
conflakes,by rule,cereal_bowl,breakfast cereal,iit-madras__ccw-veg-menu
coriander,by hand,(not counted),,sns-college-of-engineering__hostel-mess
cornflakes,by rule,cereal_bowl,breakfast cereal,iiser-bhopal__dining-hall-3 iit-bombay__hostel-3 iit-delhi__jwalamukhi-hostel iit-kanpur__hall-11 iit-kanpur__hall-2
cornflakes milk,by rule,milk_glass,a milk drink: a glass of milk,gniot-greater-noida__hostel
cucumber,by rule,salad,raw vegetables,iiser-bhopal__dining-hall-3 vnit-nagpur__aaswad-mess
curd 1 katori or 150gm,by rule,plain_curd,curd,iiser-bhopal__dining-hall-3
curd 100 gram with chat masala,by rule,plain_curd,curd,sliet-longowal__hostel-mess
curd rice,by rule,plain_rice; plain_curd,curd rice is rice and curd,iit-madras__ccw-veg-menu sns-college-of-engineering__hostel-mess
curd rice plain rice,by rule,plain_rice; plain_curd,curd rice is rice and curd,iit-dharwad__central-mess
curdy,by hand,plain_curd,,iit-kanpur__hall-2
curry item,by rule,(not counted),"a heading, a label or a word left over from a split cell, not a dish",iit-tirupati__central-mess-apr2024
curry leaf thoviyal,by rule,green_chutney,a chutney,iit-madras__ccw-veg-menu
daal fried arhar,by rule,toor_dal_tadka,toor dal,sliet-longowal__hostel-mess
daal fried masur dhuli,by rule,masoor_dal_dish,masoor dal,sliet-longowal__hostel-mess
daal fried moong chihilke wall,by rule,dal_tadka,a dal: the catalog's dal tadka stands in,sliet-longowal__hostel-mess
daal fried moong sabut,by rule,dal_tadka,a dal: the catalog's dal tadka stands in,sliet-longowal__hostel-mess
daal fried rajmah,by rule,rajma_dish,rajma,sliet-longowal__hostel-mess
daalfried urad sabut,by hand,dal_makhani,,sliet-longowal__hostel-mess
dab mutter masala boilled chaana dal dry chapati,by rule,roti,a flatbread,iit-dharwad__central-mess
dahi bhalla with pappri with green,by hand,dahi; vada; corn_chat; green_chutney,,gniot-greater-noida__hostel
dahikadhi pakoda dry veg carabage chapati,by rule,roti,a flatbread,iit-dharwad__central-mess
daji kabar,by hand,(not counted),,iit-kanpur__hall-8
dal,by rule,dal_tadka,a dal: the catalog's dal tadka stands in,iit-bombay__hostel-3 iit-delhi__jwalamukhi-hostel iit-kanpur__hall-2 iit-tirupati__central-mess-apr2024 sliet-longowal__hostel-mess tezpur-university__kwh-womens-hostel
dal bafle with garlic chutney,by hand,dal_tadka; roti; red_chutney,,iiser-bhopal__dining-hall-3
dal fry,by rule,dal_tadka,a dal: the catalog's dal tadka stands in,iit-bombay__hostel-3 iit-tirupati__central-mess-apr2024 vnit-nagpur__aaswad-mess
dal fry chapati,by rule,roti,a flatbread,iit-dharwad__central-mess
dal fry kadhi chicken,by rule,(not counted),"meat and fish: the study solves vegetarian and egg diets, which never eat them",iit-dharwad__central-mess
dal khichadi,by rule,plain_rice; dal_mix,khichdi and pongal are rice cooked with dal,gniot-greater-noida__hostel
dal maharani,by rule,dal_tadka,a dal: the catalog's dal tadka stands in,iit-delhi__jwalamukhi-hostel
dal malka,by rule,dal_makhani,a black dal,iit-kanpur__hall-2
dal moong lobia,by rule,dal_tadka,a dal: the catalog's dal tadka stands in,iit-delhi__jwalamukhi-hostel
dal moong malka,by rule,dal_tadka,a dal: the catalog's dal tadka stands in,iit-delhi__jwalamukhi-hostel
dal palak channa,by hand,dal_tadka,,vnit-nagpur__aaswad-mess
dal pancharata doobhi,by rule,dal_tadka,a dal: the catalog's dal tadka stands in,iit-dharwad__central-mess
dal punjabi fry,by rule,dal_tadka,a dal: the catalog's dal tadka stands in,iit-bombay__hostel-3
dal takda tur,by rule,toor_dal_tadka,toor dal,vnit-nagpur__aaswad-mess
dal urad chana,by rule,dal_tadka,a dal: the catalog's dal tadka stands in,iit-delhi__jwalamukhi-hostel
dalia,by rule,upma,"upma, or a grain porridge made like it",sliet-longowal__hostel-mess
dalma,by rule,dal_tadka,a dal: the catalog's dal tadka stands in,iit-kanpur__hall-11
desi ghee suji halwa,by rule,moong_halwa,a halwa,iit-delhi__jwalamukhi-hostel
dhal sami gravy,by rule,dal_tadka,a dal: the catalog's dal tadka stands in,iit-dharwad__central-mess
dombi baafi non veg,by rule,(not counted),"meat and fish: the study solves vegetarian and egg diets, which never eat them",iit-kanpur__hall-8
donuts,by rule,brownie_square,a baked sweet,iiser-bhopal__dining-hall-3
double ka metha,by hand,gulab_jamun,,iit-tirupati__central-mess-apr2024
dry chana,by rule,mix_veg,a vegetable dish: mix veg stands in,iit-bombay__hostel-3
dry fruit ladot sweet maalpuja veg,by hand,gulab_jamun,,iit-kanpur__hall-8
dry fruit non veg,by rule,(not counted),"meat and fish: the study solves vegetarian and egg diets, which never eat them",iit-kanpur__hall-8
dry masala aalu,by rule,mix_veg,a vegetable dish: mix veg stands in,sliet-longowal__hostel-mess
dum alog non veg mutton biryani salan sweet karijatti,by hand,dum_aloo,,iit-kanpur__hall-8
egg 1,by rule,boiled_egg,an egg,iit-kanpur__hall-2 iit-tirupati__central-mess-apr2024
egg 1 pc b regular breakfast as per the menu,by rule,boiled_egg,an egg,iit-kanpur__hall-11
egg 2 pcs banana 2 pcs,by hand,boiled_egg; fruit_portion,,iit-kanpur__hall-11
egg masala,by rule,egg_curry,egg curry,iit-bombay__hostel-3
eggplant 2p,by hand,mix_veg,,vnit-nagpur__aaswad-mess
emarti rabbi veg,by rule,mix_veg,a vegetable dish: mix veg stands in,iit-kanpur__hall-8
even dates sauce,by hand,(not counted),,iit-dharwad__central-mess
finger fries,by hand,french_fries,,iit-kanpur__hall-11
fish fry,by rule,(not counted),"meat and fish: the study solves vegetarian and egg diets, which never eat them",iit-kanpur__hall-8
fish non veg,by rule,(not counted),"meat and fish: the study solves vegetarian and egg diets, which never eat them",tezpur-university__kwh-womens-hostel
fried daal,by rule,dal_tadka,a dal: the catalog's dal tadka stands in,iit-kanpur__hall-8
fried maggi,by rule,noodles,noodles or pasta,iit-delhi__jwalamukhi-hostel
fried mirch,by hand,(not counted),,iit-delhi__jwalamukhi-hostel
fried rice,by rule,peas_pulao,a pulao or fried rice: rice cooked with oil and a vegetable,iiser-bhopal__dining-hall-3 iit-delhi__jwalamukhi-hostel sliet-longowal__hostel-mess
fruit oats,by rule,oatmeal,oats,iit-delhi__jwalamukhi-hostel
fry praw,by hand,(not counted),,iit-kanpur__hall-8
fryms,by rule,papad,a papad or fryum,iit-kanpur__hall-11
fryums,by rule,papad,a papad or fryum,iit-madras__ccw-veg-menu iit-tirupati__central-mess-apr2024
gadaar halwa,by rule,moong_halwa,a halwa,iit-kanpur__hall-8
ghee,by rule,amul_butter,butter or ghee,iit-tirupati__central-mess-apr2024
ghee daliya,by rule,upma,"upma, or a grain porridge made like it",iit-delhi__jwalamukhi-hostel
ginger chutney,by rule,green_chutney,a chutney,iit-kanpur__hall-8
gobhi masala,by rule,gobhi_dry,a cabbage or cauliflower sabzi,iit-delhi__jwalamukhi-hostel
gobhi paratha,by rule,aloo_paratha,a paratha: the catalog's paratha stands in for all of them,iit-tirupati__central-mess-apr2024
gobi manchurian,by rule,veg_kofta,fried vegetable balls in gravy,tezpur-university__kwh-womens-hostel
gobi paratha,by rule,aloo_paratha,a paratha: the catalog's paratha stands in for all of them,tezpur-university__kwh-womens-hostel
gongura dal,by rule,dal_tadka,a dal: the catalog's dal tadka stands in,iit-tirupati__central-mess-apr2024
gongura thoviyal,by rule,green_chutney,a chutney,iit-madras__ccw-veg-menu
goongra chutney,by rule,green_chutney,a chutney,iit-tirupati__central-mess-apr2024
gram butter,by rule,amul_butter,butter or ghee,sliet-longowal__hostel-mess
gram curd,by rule,plain_curd,curd,sliet-longowal__hostel-mess
gram jam along with 8 00 am 9 15 am on saturday,by hand,gulab_jamun,,sliet-longowal__hostel-mess
green,by rule,(not counted),"a heading, a label or a word left over from a split cell, not a dish",gniot-greater-noida__hostel
green baigan,by hand,mix_veg,,iiser-bhopal__dining-hall-3
green chantey,by hand,green_chutney,,iit-kanpur__hall-8
green chilli,by rule,(not counted),a condiment or garnish: served in amounts too small to move a nutrient,iiser-bhopal__dining-hall-3
green dhanya,by hand,(not counted),,iit-kanpur__hall-8
green gram sprouts,by rule,boiled_sprouts,sprouts or boiled pulses,iit-madras__ccw-veg-menu
green peas,by rule,mix_veg,a vegetable dish: mix veg stands in,iit-dharwad__central-mess
green peas pulao plain rice,by rule,peas_pulao,a pulao or fried rice: rice cooked with oil and a vegetable,iit-dharwad__central-mess
green sprouts,by rule,boiled_sprouts,sprouts or boiled pulses,iit-tirupati__central-mess-apr2024
greens banana,by rule,fruit_portion,a piece of fruit,iit-dharwad__central-mess
ground nut chutney,by rule,red_chutney,a red chutney,iit-tirupati__central-mess-apr2024
groundnut chutney,by rule,red_chutney,a red chutney,iit-tirupati__central-mess-apr2024
groundnut chutney brinjal sambar,by hand,red_chutney; sambhar,,iit-madras__ccw-veg-menu
gutti vankaya curry,by rule,mix_veg,a vegetable dish: mix veg stands in,iit-madras__ccw-veg-menu
haldiram bhujiya,by rule,ratlami_sev,a packaged or fried namkeen: sev stands in,iit-kanpur__hall-2
handi paner,by rule,mutter_paneer,a paneer dish: mutter paneer stands in,iit-kanpur__hall-8
hari moong dal,by rule,dal_tadka,a dal: the catalog's dal tadka stands in,gniot-greater-noida__hostel
horlicks,by rule,milk_glass,a milk drink: a glass of milk,iit-kanpur__hall-11
horse gram kuzhampu,by rule,rajma_dish,a whole-bean curry: rajma stands in,sns-college-of-engineering__hostel-mess
hot,by rule,(not counted),"a heading, a label or a word left over from a split cell, not a dish",iit-dharwad__central-mess
hut stuffed khasta kachori alu gravy,by hand,poori; aloo_tomato,,iit-kanpur__hall-8
ice cream,by rule,fruit_custard,a milk dessert: fruit custard stands in,gniot-greater-noida__hostel iiser-bhopal__dining-hall-3 iit-kanpur__hall-11 iit-kanpur__hall-8 iit-tirupati__central-mess-apr2024
ice cream jowa roti,by hand,roti; fruit_custard,,vnit-nagpur__aaswad-mess
idli sambhar,by hand,idli; sambhar,,sliet-longowal__hostel-mess
idli vada samber chutney mix sprouts boiled egg banana,by rule,boiled_egg,an egg,iit-dharwad__central-mess
iml rice,by rule,plain_rice,rice,iit-kanpur__hall-11
imli,by rule,imli_chutney,a tamarind chutney,iit-kanpur__hall-8
imli green chutney,by rule,imli_chutney,a tamarind chutney,iit-kanpur__hall-2
institute holidays,by rule,(not counted),"page furniture: names, notes and signatures, not food",sliet-longowal__hostel-mess
ivy gourd peanut fry,by rule,mix_veg,a vegetable dish: mix veg stands in,iit-tirupati__central-mess-apr2024
jailer curd,by rule,plain_curd,curd,iit-kanpur__hall-8
jalebi,by rule,gulab_jamun,an Indian sweet: gulab jamun stands in,gniot-greater-noida__hostel iit-kanpur__hall-2 tezpur-university__kwh-womens-hostel vnit-nagpur__aaswad-mess
jaljera,by rule,(not counted),"a sweetened water drink: sugar, and no nutrient the study measures in any amount",gniot-greater-noida__hostel
jam 1 slice butter,by hand,jam; amul_butter,,iit-kanpur__hall-11
jam or bread butter,by hand,jam; bread_slice; amul_butter,,iit-kanpur__hall-2
jeeraa aloo green chutney,by hand,aloo_jeera; green_chutney,,iit-kanpur__hall-2
julka green chilli,by hand,roti,,iit-dharwad__central-mess
k adai paneer,by rule,mutter_paneer,a paneer dish: mutter paneer stands in,iit-tirupati__central-mess-apr2024
kachumar salad 1 00 pm to 3 00 pm,by hand,salad,,iiser-bhopal__dining-hall-3
kadai mushroom curry,by rule,mix_veg,a vegetable dish: mix veg stands in,iit-madras__ccw-veg-menu
kadai paneer,by rule,paneer_butter_masala,a rich paneer gravy,iit-kanpur__hall-2
kadhai paneer,by rule,paneer_butter_masala,a rich paneer gravy,iit-delhi__jwalamukhi-hostel iit-dharwad__central-mess
kadhi,by rule,dahi,kadhi is curd thickened with gram flour: stood in for by a small curd,iit-kanpur__hall-11 iit-kanpur__hall-2
kadhi pakode,by rule,dahi,kadhi is curd thickened with gram flour: stood in for by a small curd,iit-bombay__hostel-3
kadhi pakodi dal,by hand,dahi; pakoda; dal_tadka,,iit-kanpur__hall-8
kadi pakode curry,by hand,dahi; pakoda,,iit-tirupati__central-mess-apr2024
kadi pakora,by rule,dahi,kadhi is curd thickened with gram flour: stood in for by a small curd,gniot-greater-noida__hostel
kaju katli,by rule,gulab_jamun,an Indian sweet: gulab jamun stands in,iit-bombay__hostel-3
kal chana masala curd 1 katori or 150gm any fruit seasonal,by hand,black_chana_aloo; plain_curd; fruit_portion,,iiser-bhopal__dining-hall-3
kal masaar daal sweet,by rule,dal_tadka,a dal: the catalog's dal tadka stands in,iit-kanpur__hall-8
kala chana,by rule,black_chana_aloo,black chana,iit-delhi__jwalamukhi-hostel
kala chana masala,by rule,black_chana_aloo,black chana,iit-tirupati__central-mess-apr2024
kalakaand,by hand,gulab_jamun,,iit-bombay__hostel-3
kali masoor,by rule,masoor_dal_dish,masoor dal,iit-delhi__jwalamukhi-hostel
karai paneer,by rule,paneer_butter_masala,a rich paneer gravy,gniot-greater-noida__hostel
karaichutney,by hand,red_chutney,,sns-college-of-engineering__hostel-mess
kashmiri matar pulao methu mali matar,by hand,peas_pulao; pyaj_muter_malai,,iiser-bhopal__dining-hall-3
kashmiri pulao,by rule,peas_pulao,a pulao or fried rice: rice cooked with oil and a vegetable,iit-bombay__hostel-3
kaskol,by hand,mix_veg,,tezpur-university__kwh-womens-hostel
kathal sabji,by rule,mix_veg,a vegetable dish: mix veg stands in,gniot-greater-noida__hostel
kerala paratha,by rule,aloo_paratha,a paratha: the catalog's paratha stands in for all of them,iit-madras__ccw-veg-menu
kesari,by rule,moong_halwa,a halwa,sns-college-of-engineering__hostel-mess
ketchup,by rule,(not counted),a condiment or garnish: served in amounts too small to move a nutrient,iiser-bhopal__dining-hall-3 iit-tirupati__central-mess-apr2024 vnit-nagpur__aaswad-mess
khaman dhokl,by rule,idli,a steamed batter or dough,vnit-nagpur__aaswad-mess
khasta kachori,by rule,poori,a deep-fried bread,iit-kanpur__hall-2
kheera raita,by rule,veg_raita,a raita: curd with a vegetable,iit-kanpur__hall-2
khichadi,by rule,plain_rice; dal_mix,khichdi and pongal are rice cooked with dal,gniot-greater-noida__hostel
khichadi pav,by hand,plain_rice; dal_mix; bread_slice,,gniot-greater-noida__hostel
khichdi,by rule,plain_rice; dal_mix,khichdi and pongal are rice cooked with dal,iit-bombay__hostel-3 iit-kanpur__hall-8
khorisa,by hand,pickle,,tezpur-university__kwh-womens-hostel
kichadi,by rule,plain_rice; dal_mix,khichdi and pongal are rice cooked with dal,sns-college-of-engineering__hostel-mess
koni dom nv,by rule,(not counted),"meat and fish: the study solves vegetarian and egg diets, which never eat them",tezpur-university__kwh-womens-hostel
kosumbari curd icecream,by rule,plain_curd,curd,iit-dharwad__central-mess
kulcha,by rule,roti,a flatbread,iit-delhi__jwalamukhi-hostel
kulcha garlic naan,by rule,roti,a flatbread,iit-kanpur__hall-8
kundru,by rule,mix_veg,a vegetable dish: mix veg stands in,iit-kanpur__hall-2
laccha paratha,by rule,aloo_paratha,a paratha: the catalog's paratha stands in for all of them,iit-delhi__jwalamukhi-hostel
ladies finger,by rule,kurmuri_bhindi,a bhindi sabzi,sns-college-of-engineering__hostel-mess
ladoo,by rule,gulab_jamun,an Indian sweet: gulab jamun stands in,iit-kanpur__hall-2
lady s finger poriyal,by rule,mix_veg,a vegetable dish: mix veg stands in,sns-college-of-engineering__hostel-mess
lassi,by rule,dahi,buttermilk and lassi are thinned curd: stood in for by a small curd (80 g),iit-bombay__hostel-3 iit-delhi__jwalamukhi-hostel iit-kanpur__hall-11
lauki chana dal,by rule,dal_tadka,a dal: the catalog's dal tadka stands in,iiser-bhopal__dining-hall-3
lauki jeera,by rule,mix_veg,a vegetable dish: mix veg stands in,iit-kanpur__hall-11
lauki sabji,by rule,mix_veg,a vegetable dish: mix veg stands in,gniot-greater-noida__hostel
lehsun chutney,by rule,green_chutney,a chutney,iit-delhi__jwalamukhi-hostel
lemon,by rule,(not counted),a condiment or garnish: served in amounts too small to move a nutrient,iiser-bhopal__dining-hall-3 iit-tirupati__central-mess-apr2024 sns-college-of-engineering__hostel-mess vnit-nagpur__aaswad-mess
lemon chutney,by rule,green_chutney,a chutney,iit-tirupati__central-mess-apr2024
lemon rice,by rule,onion_rice,a flavoured rice: rice tempered in oil,iit-kanpur__hall-2 iit-madras__ccw-veg-menu sns-college-of-engineering__hostel-mess vnit-nagpur__aaswad-mess
lemon slices,by rule,(not counted),a condiment or garnish: served in amounts too small to move a nutrient,iit-dharwad__central-mess
lemon water,by rule,(not counted),"a sweetened water drink: sugar, and no nutrient the study measures in any amount",iit-madras__ccw-veg-menu
lime,by rule,(not counted),a condiment or garnish: served in amounts too small to move a nutrient,iit-madras__ccw-veg-menu
lobia,by hand,rajma_dish,,iit-tirupati__central-mess-apr2024
lobia daal,by rule,dal_tadka,a dal: the catalog's dal tadka stands in,iit-kanpur__hall-11
lobiya dal,by rule,rajma_dish,a whole-bean curry: rajma stands in,gniot-greater-noida__hostel
lutputt bhindi,by rule,kurmuri_bhindi,a bhindi sabzi,iit-kanpur__hall-2
maasor daal,by rule,masoor_dal_dish,masoor dal,iiser-bhopal__dining-hall-3
macaroni,by rule,noodles,noodles or pasta,iit-delhi__jwalamukhi-hostel
macrony with ketchup,by hand,noodles,,gniot-greater-noida__hostel
madira,by hand,(not counted),,iit-kanpur__hall-8
maggi,by rule,noodles,noodles or pasta,iit-madras__ccw-veg-menu
malai soya curd non veg,by hand,soya_badi,,iit-kanpur__hall-8
manchurian,by rule,veg_kofta,fried vegetable balls in gravy,gniot-greater-noida__hostel
mango dal,by rule,dal_tadka,a dal: the catalog's dal tadka stands in,iit-tirupati__central-mess-apr2024
masala,by rule,(not counted),"a heading, a label or a word left over from a split cell, not a dish",iit-kanpur__hall-11
masala aalu,by rule,mix_veg,a vegetable dish: mix veg stands in,sliet-longowal__hostel-mess
masala cach,by rule,mix_veg,a vegetable dish: mix veg stands in,gniot-greater-noida__hostel
masala corn lemon,by rule,sweetcorn_side,sweetcorn,iit-madras__ccw-veg-menu
masala dosa samber chutney mix sprouts cut fruits,by rule,sambhar,sambar,iit-dharwad__central-mess
masala dosa sambhar,by hand,dosa; sambhar,,iiser-bhopal__dining-hall-3
masala kale chane,by rule,black_chana_aloo,black chana,gniot-greater-noida__hostel
masala kichdi,by rule,mix_veg,a vegetable dish: mix veg stands in,iit-tirupati__central-mess-apr2024
masala mushroom non veg chicken masa,by hand,mix_veg,,iit-kanpur__hall-8
masala oats,by rule,oatmeal,oats,iit-delhi__jwalamukhi-hostel
masala parantha,by rule,aloo_paratha,a paratha: the catalog's paratha stands in for all of them,iiser-bhopal__dining-hall-3
masala rice,by rule,onion_rice,a flavoured rice: rice tempered in oil,vnit-nagpur__aaswad-mess
masaor dal,by rule,dal_tadka,a dal: the catalog's dal tadka stands in,vnit-nagpur__aaswad-mess
mashoor daal with tomato,by rule,masoor_dal_dish,masoor dal,iit-kanpur__hall-11
masoor butter masala,by rule,masoor_dal_dish,masoor dal,iit-kanpur__hall-2
masur sabut,by rule,masoor_dal_dish,masoor dal,sliet-longowal__hostel-mess
matar masala,by rule,mix_veg,a vegetable dish: mix veg stands in,gniot-greater-noida__hostel
matar paneer veg,by rule,mutter_paneer,a paneer dish: mutter paneer stands in,tezpur-university__kwh-womens-hostel
matar pulav,by rule,peas_pulao,a pulao or fried rice: rice cooked with oil and a vegetable,iit-kanpur__hall-11
matar rasedaar,by rule,mix_veg,a vegetable dish: mix veg stands in,iit-kanpur__hall-8
matta,by hand,dahi,,iit-kanpur__hall-2
meal maker curry,by rule,soya_badi,soya chunks,iit-madras__ccw-veg-menu
meal maker peas,by rule,soya_badi,soya chunks,iit-madras__ccw-veg-menu
meal maker thin gravy,by rule,soya_badi,soya chunks,iit-tirupati__central-mess-apr2024
mehti paratha,by rule,aloo_paratha,a paratha: the catalog's paratha stands in for all of them,vnit-nagpur__aaswad-mess
mendu wada,by rule,vada,a vada,vnit-nagpur__aaswad-mess
meth poori chole masala mix sprouts egg bhurji bbj 2 slices banana,by rule,egg_bhurji,an omelette or scrambled egg: egg cooked in oil,iit-dharwad__central-mess
methi chapathi,by rule,roti,a flatbread,iit-madras__ccw-veg-menu
methi dal,by rule,dal_tadka,a dal: the catalog's dal tadka stands in,iit-tirupati__central-mess-apr2024
methi dal chapati,by rule,roti,a flatbread,iit-dharwad__central-mess
methi malai chicken,by rule,(not counted),"meat and fish: the study solves vegetarian and egg diets, which never eat them",iit-kanpur__hall-8
methi malai malar,by rule,mix_veg,a vegetable dish: mix veg stands in,vnit-nagpur__aaswad-mess
methi malai paneer non veg,by hand,mutter_paneer,,iit-kanpur__hall-8
methi mutter malai panner with veg shortba,by hand,pyaj_muter_malai,,iit-tirupati__central-mess-apr2024
methi muuter mala,by rule,mix_veg,a vegetable dish: mix veg stands in,iit-bombay__hostel-3
methi paratha,by rule,aloo_paratha,a paratha: the catalog's paratha stands in for all of them,iit-kanpur__hall-11
milk bournvita,by rule,milk_glass,a milk drink: a glass of milk,iit-dharwad__central-mess
milk cake,by rule,milk_glass,a milk drink: a glass of milk,iit-delhi__jwalamukhi-hostel
milkcurd,by hand,plain_curd,,iit-kanpur__hall-8
millets chiva,by hand,poha,,vnit-nagpur__aaswad-mess
mint chutney,by rule,green_chutney,a chutney,iit-delhi__jwalamukhi-hostel iit-madras__ccw-veg-menu iit-tirupati__central-mess-apr2024
mint raita,by rule,veg_raita,a raita: curd with a vegetable,iit-kanpur__hall-2
mint thoviyal,by rule,green_chutney,a chutney,iit-madras__ccw-veg-menu
mix,by rule,(not counted),"a heading, a label or a word left over from a split cell, not a dish",iit-tirupati__central-mess-apr2024
mix dal tadka,by rule,dal_mix,mixed dal,iiser-bhopal__dining-hall-3
mix fruit,by rule,fruit_portion,a piece of fruit,iit-delhi__jwalamukhi-hostel
mix paratha,by rule,aloo_paratha,a paratha: the catalog's paratha stands in for all of them,gniot-greater-noida__hostel
mix tomato,by rule,salad,raw vegetables,iit-kanpur__hall-8
mix veg curry,by rule,mix_veg,a vegetable dish: mix veg stands in,iit-madras__ccw-veg-menu
mixed parantha with tomato chutney,by hand,aloo_paratha; red_chutney,,iiser-bhopal__dining-hall-3
mixture,by rule,ratlami_sev,a packaged or fried namkeen: sev stands in,sns-college-of-engineering__hostel-mess
mixveg paratha,by rule,aloo_paratha,a paratha: the catalog's paratha stands in for all of them,iit-kanpur__hall-2
mong dal,by rule,dal_tadka,a dal: the catalog's dal tadka stands in,gniot-greater-noida__hostel
moong,by rule,dal_tadka,a dal: the catalog's dal tadka stands in,iit-bombay__hostel-3 iit-tirupati__central-mess-apr2024
moong chhilka dal sweet kheer,by hand,dal_tadka; kheer,,iit-kanpur__hall-2
moong chilla,by hand,dosa,,iit-kanpur__hall-11
moong dal,by rule,dal_tadka,a dal: the catalog's dal tadka stands in,iit-bombay__hostel-3 vnit-nagpur__aaswad-mess
moong dal chilla,by hand,dosa,,iiser-bhopal__dining-hall-3
moong dal chutney,by hand,green_chutney,,iit-kanpur__hall-8
moong dal paneer chilla,by hand,dosa,,iit-delhi__jwalamukhi-hostel
moong dhuli,by rule,dal_tadka,a dal: the catalog's dal tadka stands in,sliet-longowal__hostel-mess
mor kuzhambu,by rule,dahi,buttermilk and lassi are thinned curd: stood in for by a small curd (80 g),iit-madras__ccw-veg-menu
mudda pappu,by rule,dal_tadka,a dal: the catalog's dal tadka stands in,iit-tirupati__central-mess-apr2024
muesli,by rule,cereal_bowl,breakfast cereal,iit-delhi__jwalamukhi-hostel
muri ghonta nv,by rule,(not counted),"meat and fish: the study solves vegetarian and egg diets, which never eat them",tezpur-university__kwh-womens-hostel
musli,by hand,cereal_bowl,,iit-bombay__hostel-3
mutter,by rule,mix_veg,a vegetable dish: mix veg stands in,iit-tirupati__central-mess-apr2024
mutter masala,by rule,mix_veg,a vegetable dish: mix veg stands in,iit-tirupati__central-mess-apr2024
mutter mushroom gravy,by rule,mix_veg,a vegetable dish: mix veg stands in,iit-kanpur__hall-2
mutton masala,by rule,(not counted),"meat and fish: the study solves vegetarian and egg diets, which never eat them",iit-tirupati__central-mess-apr2024
mysore bhujya narilyaal chutney,by rule,green_chutney,a chutney,iit-dharwad__central-mess
naan,by rule,roti,a flatbread,iit-kanpur__hall-11
namkeen sev,by rule,ratlami_sev,a packaged or fried namkeen: sev stands in,iit-delhi__jwalamukhi-hostel
namkeen sevaiyan,by hand,upma,,iit-delhi__jwalamukhi-hostel
nariyal,by hand,nariyal_chutney,,gniot-greater-noida__hostel
nimbu paani,by hand,(not counted),,iit-bombay__hostel-3
nimbu pani,by rule,(not counted),"a sweetened water drink: sugar, and no nutrient the study measures in any amount",iit-kanpur__hall-2
oats,by rule,oatmeal,oats,iit-madras__ccw-veg-menu
omelete 1,by rule,egg_bhurji,an omelette or scrambled egg: egg cooked in oil,iit-tirupati__central-mess-apr2024
omelette,by rule,egg_bhurji,an omelette or scrambled egg: egg cooked in oil,iit-delhi__jwalamukhi-hostel
omlet,by rule,egg_bhurji,an omelette or scrambled egg: egg cooked in oil,vnit-nagpur__aaswad-mess
omlette,by rule,egg_bhurji,an omelette or scrambled egg: egg cooked in oil,iit-bombay__hostel-3
onion,by rule,salad,raw vegetables,iit-madras__ccw-veg-menu iit-tirupati__central-mess-apr2024 vnit-nagpur__aaswad-mess
onion chutney,by rule,red_chutney,a red chutney,sns-college-of-engineering__hostel-mess
onion lemon cucumber salad,by rule,salad,raw vegetables,iit-madras__ccw-veg-menu
onion masala rice plain rice,by rule,onion_rice,a flavoured rice: rice tempered in oil,iit-dharwad__central-mess
onion tomato raita with quantity of curd 100 gram,by hand,veg_raita,,sliet-longowal__hostel-mess
onion uthappam,by rule,dosa,a pancake of fermented batter or gram flour: dosa stands in,sns-college-of-engineering__hostel-mess
onion uttappam chutney samber mix sprouts boiled egg cut fruits,by rule,boiled_egg,an egg,iit-dharwad__central-mess
ood dates pasta,by rule,noodles,noodles or pasta,iit-dharwad__central-mess
option matar paneer,by rule,mutter_paneer,a paneer dish: mutter paneer stands in,iit-kanpur__hall-11
orange,by rule,fruit_portion,a piece of fruit,iit-tirupati__central-mess-apr2024
other bread slices brown,by rule,bread_slice,"bread, however it is served",iiser-bhopal__dining-hall-3
packet item,by hand,(not counted),,vnit-nagpur__aaswad-mess
pakode,by rule,pakoda,a fritter,iit-kanpur__hall-8
palad dalitur,by hand,dal_tadka,,vnit-nagpur__aaswad-mess
palak corn,by rule,sweetcorn_side,sweetcorn,vnit-nagpur__aaswad-mess
palak dal,by rule,dal_tadka,a dal: the catalog's dal tadka stands in,iit-madras__ccw-veg-menu iit-tirupati__central-mess-apr2024
palak paneer,by rule,mutter_paneer,a paneer dish: mutter paneer stands in,iit-bombay__hostel-3 iit-madras__ccw-veg-menu
palak veges,by rule,mix_veg,a vegetable dish: mix veg stands in,iit-kanpur__hall-8
palar paner chicken 1p,by rule,(not counted),"meat and fish: the study solves vegetarian and egg diets, which never eat them",iit-kanpur__hall-8
pancer do pyaz,by rule,mutter_paneer,a paneer dish: mutter paneer stands in,iiser-bhopal__dining-hall-3
panchratni dal,by rule,dal_tadka,a dal: the catalog's dal tadka stands in,iit-delhi__jwalamukhi-hostel
paneer biryani,by rule,veg_biryani,a vegetable biryani,iit-delhi__jwalamukhi-hostel
paneer dal,by hand,mutter_paneer; dal_tadka,,iit-kanpur__hall-2
paneer do pyaja,by rule,paneer_butter_masala,a rich paneer gravy,iit-kanpur__hall-11
paneer kali mirch or aloo chicken gravy,by hand,mutter_paneer,,iit-kanpur__hall-11
paneer kohlapuri,by rule,mutter_paneer,a paneer dish: mutter paneer stands in,iit-bombay__hostel-3
paneer kulhapuri,by rule,mutter_paneer,a paneer dish: mutter paneer stands in,vnit-nagpur__aaswad-mess
paneer tikka,by rule,mutter_paneer,a paneer dish: mutter paneer stands in,iit-bombay__hostel-3
paner roll non veg chicken biryani,by hand,mutter_paneer,,iit-kanpur__hall-8
paner tika,by rule,mutter_paneer,a paneer dish: mutter paneer stands in,vnit-nagpur__aaswad-mess
paner tikkas peuluv,by rule,mutter_paneer,a paneer dish: mutter paneer stands in,vnit-nagpur__aaswad-mess
pani puri alo bharta,by rule,corn_chat,a chaat,iit-dharwad__central-mess
panipuri,by rule,corn_chat,a chaat,iit-bombay__hostel-3
papaya,by rule,fruit_portion,a piece of fruit,iit-madras__ccw-veg-menu iit-tirupati__central-mess-apr2024
papid chat,by rule,corn_chat,a chaat,vnit-nagpur__aaswad-mess
parathas aloo,by rule,aloo_paratha,a paratha: the catalog's paratha stands in for all of them,iit-kanpur__hall-8
parner bhujiya only once a month month last,by rule,ratlami_sev,a packaged or fried namkeen: sev stands in,iit-kanpur__hall-11
paruppu vadai,by hand,vada,,sns-college-of-engineering__hostel-mess
pattisapta,by hand,gulab_jamun,,iit-kanpur__hall-8
paulda rice,by rule,plain_rice,rice,iit-kanpur__hall-2
peanut butter,by rule,amul_butter,butter or ghee,iit-delhi__jwalamukhi-hostel
peanuts,by hand,boiled_sprouts,,iit-bombay__hostel-3
peas kurume,by rule,mix_veg,a vegetable dish: mix veg stands in,sns-college-of-engineering__hostel-mess
petah sabji,by rule,kadu_masala,a pumpkin sabzi,gniot-greater-noida__hostel
phulca moong masala green chilli,by rule,dal_tadka,a dal: the catalog's dal tadka stands in,iit-dharwad__central-mess
phulka green chilli,by rule,roti,a flatbread,iit-dharwad__central-mess
phulka lemon slices,by rule,roti,a flatbread,iit-dharwad__central-mess
phulka thecha,by rule,roti,a flatbread,iit-dharwad__central-mess
phulka tomato chatni,by rule,roti,a flatbread,iit-dharwad__central-mess
pickle curd butter milk,by rule,dahi,buttermilk and lassi are thinned curd: stood in for by a small curd (80 g),iit-dharwad__central-mess
pickle curd sewai kheer,by rule,plain_curd,curd,iit-dharwad__central-mess
pickle mix fruit juice curd,by rule,plain_curd,curd,iit-dharwad__central-mess
pickle mix sprouts boiled egg bbj 2 slices banana,by rule,boiled_egg,an egg,iit-dharwad__central-mess
pickle raata besan ladot,by rule,pickle,pickle,iit-dharwad__central-mess
pickle raata butter milk,by rule,dahi,buttermilk and lassi are thinned curd: stood in for by a small curd (80 g),iit-dharwad__central-mess
pindi chhole,by rule,chole,a chickpea curry,iit-delhi__jwalamukhi-hostel iit-kanpur__hall-11
pineapple,by rule,fruit_portion,a piece of fruit,iit-madras__ccw-veg-menu
pineapple raita,by rule,veg_raita,a raita: curd with a vegetable,iit-delhi__jwalamukhi-hostel
pineapple rava kesari,by rule,moong_halwa,a halwa,iit-madras__ccw-veg-menu
piyazat egg nv,by rule,(not counted),"meat and fish: the study solves vegetarian and egg diets, which never eat them",tezpur-university__kwh-womens-hostel
plain,by rule,(not counted),"a heading, a label or a word left over from a split cell, not a dish",iit-delhi__jwalamukhi-hostel iit-kanpur__hall-11
plain holrlcks,by hand,milk_glass,,iit-kanpur__hall-8
plain paratha,by rule,aloo_paratha,a paratha: the catalog's paratha stands in for all of them,iit-kanpur__hall-2 iit-kanpur__hall-8
plain paratha or chicken rogan josh,by hand,aloo_paratha,,iit-kanpur__hall-11
plain parathas with alu sabzi or 04 numbers of bread slices sandwich bread cake size with 17 gram butter or 20 gram jam or boiled egg 01 no 8 5 gram egg,by hand,aloo_paratha; aloo_jeera; bread_slice; amul_butter; jam; boiled_egg,,sliet-longowal__hostel-mess
poha or 04 numbers of bread slices sandwich bread cake size with 17 gram butter or 20 gram jam or boiled egg 01 no or 8 5 gram butter,by hand,poha; bread_slice; amul_butter; jam; boiled_egg,,sliet-longowal__hostel-mess
poha with tomato chutney,by hand,poha; red_chutney,,sliet-longowal__hostel-mess
pongal,by rule,plain_rice; dal_mix,khichdi and pongal are rice cooked with dal,iit-madras__ccw-veg-menu sns-college-of-engineering__hostel-mess
pongal with cocunut chutney,by hand,plain_rice; dal_mix; nariyal_chutney,,sns-college-of-engineering__hostel-mess
poor atta maid ra bathuai,by hand,poori,,iit-kanpur__hall-8
popcorn 50gm,by hand,poha,,vnit-nagpur__aaswad-mess
potato chips,by rule,ratlami_sev,a packaged or fried namkeen: sev stands in,iit-kanpur__hall-11 iit-madras__ccw-veg-menu
potato poriyal,by rule,mix_veg,a vegetable dish: mix veg stands in,sns-college-of-engineering__hostel-mess
pudina chapathi,by rule,roti,a flatbread,iit-madras__ccw-veg-menu
pudna,by hand,(not counted),,iit-kanpur__hall-8
puli kulambu,by rule,rasam,a thin tamarind or pepper gravy,sns-college-of-engineering__hostel-mess
pulses gravy lobi,by rule,mix_veg,a vegetable dish: mix veg stands in,iit-dharwad__central-mess
pumpkin,by rule,kadu_masala,a pumpkin sabzi,tezpur-university__kwh-womens-hostel
pumpkin pakora,by rule,pakoda,a fritter,tezpur-university__kwh-womens-hostel
pumpkin sabzi,by rule,kadu_masala,a pumpkin sabzi,iiser-bhopal__dining-hall-3
punjabi,by rule,(not counted),"a heading, a label or a word left over from a split cell, not a dish",iit-kanpur__hall-8
purees with aalu sabzi,by rule,mix_veg,a vegetable dish: mix veg stands in,sliet-longowal__hostel-mess
pyaaz pakori,by rule,pakoda,a fritter,iit-kanpur__hall-11
raam,by hand,(not counted),,vnit-nagpur__aaswad-mess
radish,by rule,salad,raw vegetables,iiser-bhopal__dining-hall-3
ragda pattice,by hand,corn_chat,,iit-bombay__hostel-3
ragi drink,by hand,milk_glass,,iit-madras__ccw-veg-menu
ragina chapati,by rule,roti,a flatbread,iit-dharwad__central-mess
ragj rott,by rule,roti,a flatbread,vnit-nagpur__aaswad-mess
raima veg green peas kachori,by hand,rajma_dish; poori,,iit-kanpur__hall-8
raita green chutney boondi raita 150 200 ml,by hand,veg_raita; green_chutney; boondi_raita,,iiser-bhopal__dining-hall-3
raita pastry,by rule,veg_raita,a raita: curd with a vegetable,iiser-bhopal__dining-hall-3
rasgulla,by rule,gulab_jamun,an Indian sweet: gulab jamun stands in,iit-bombay__hostel-3
rasmalai,by rule,gulab_jamun,an Indian sweet: gulab jamun stands in,iit-bombay__hostel-3
rasna,by rule,(not counted),"a sweetened water drink: sugar, and no nutrient the study measures in any amount",iit-bombay__hostel-3
rasogulla,by hand,gulab_jamun,,sliet-longowal__hostel-mess
raw banana fry,by hand,mix_veg,,iit-tirupati__central-mess-apr2024
razma,by rule,rajma_dish,rajma,iit-kanpur__hall-2
rcie,by hand,plain_rice,,sns-college-of-engineering__hostel-mess
red,by rule,(not counted),"a heading, a label or a word left over from a split cell, not a dish",gniot-greater-noida__hostel
red bhaji,by rule,mix_veg,a vegetable dish: mix veg stands in,gniot-greater-noida__hostel
red chana,by rule,red_chutney,a red chutney,iit-bombay__hostel-3
red chille,by rule,(not counted),a condiment or garnish: served in amounts too small to move a nutrient,iit-tirupati__central-mess-apr2024
red masar daal sweet,by rule,dal_tadka,a dal: the catalog's dal tadka stands in,iit-kanpur__hall-8
red masoor daal sweet,by rule,masoor_dal_dish,masoor dal,iit-kanpur__hall-8
red masoor dal,by rule,masoor_dal_dish,masoor dal,iit-kanpur__hall-11
rice pulao,by rule,peas_pulao,a pulao or fried rice: rice cooked with oil and a vegetable,sliet-longowal__hostel-mess
ridge gourd thoviyal,by rule,green_chutney,a chutney,iit-madras__ccw-veg-menu
roasted bread,by rule,bread_slice,"bread, however it is served",sns-college-of-engineering__hostel-mess
roasted phool makhana,by hand,ratlami_sev,,iit-madras__ccw-veg-menu
roohafza,by rule,(not counted),"a sweetened water drink: sugar, and no nutrient the study measures in any amount",iit-delhi__jwalamukhi-hostel
rott,by rule,roti,a flatbread,vnit-nagpur__aaswad-mess
rusk,by rule,ratlami_sev,a packaged or fried namkeen: sev stands in,iit-madras__ccw-veg-menu
sabudana khichdi,by rule,plain_rice; dal_mix,khichdi and pongal are rice cooked with dal,iit-delhi__jwalamukhi-hostel
sabut moong 100 gm,by rule,boiled_sprouts,sprouts or boiled pulses,sliet-longowal__hostel-mess
sahi panner,by hand,paneer_butter_masala,,iit-dharwad__central-mess
salad atleast 3 onion,by rule,salad,raw vegetables,iiser-bhopal__dining-hall-3
salan,by hand,mix_veg,,iit-kanpur__hall-8
salt,by rule,(not counted),a condiment or garnish: served in amounts too small to move a nutrient,iit-madras__ccw-veg-menu iit-tirupati__central-mess-apr2024
salt table,by hand,(not counted),,iiser-bhopal__dining-hall-3
sambar chutney for onion dosa,by hand,sambhar; green_chutney,,iit-tirupati__central-mess-apr2024
samber,by rule,sambhar,sambar,iit-dharwad__central-mess
samiya,by rule,kheer,a milk pudding,gniot-greater-noida__hostel
sandwich,by rule,bread_slice,"bread, however it is served",gniot-greater-noida__hostel iit-delhi__jwalamukhi-hostel iit-kanpur__hall-11
sarso ka saag,by rule,mix_veg,a vegetable dish: mix veg stands in,iit-kanpur__hall-2
sarso saag,by rule,mix_veg,a vegetable dish: mix veg stands in,iit-kanpur__hall-8
sauce,by rule,(not counted),a condiment or garnish: served in amounts too small to move a nutrient,iit-dharwad__central-mess
savai,by rule,kheer,a milk pudding,gniot-greater-noida__hostel
seasonable green vegetable,by rule,mix_veg,a vegetable dish: mix veg stands in,sliet-longowal__hostel-mess
seasonable green vegetable sweet dish fruit custard,by hand,mix_veg; fruit_custard,,sliet-longowal__hostel-mess
seasonable green vegetable sweet dish gulab jamun,by hand,mix_veg; gulab_jamun,,sliet-longowal__hostel-mess
seasonal vegetables,by rule,mix_veg,a vegetable dish: mix veg stands in,iit-kanpur__hall-11
semiya,by rule,kheer,a milk pudding,sns-college-of-engineering__hostel-mess
sev bhaji,by hand,ratlami_sev,,iit-bombay__hostel-3 vnit-nagpur__aaswad-mess
seviyan,by rule,kheer,a milk pudding,iit-kanpur__hall-2
sewai ki khi non veg,by hand,kheer,,iit-kanpur__hall-8
shahi paneer paneer 50gms,by rule,paneer_butter_masala,a rich paneer gravy,sliet-longowal__hostel-mess
shahi paner,by rule,mutter_paneer,a paneer dish: mutter paneer stands in,iit-kanpur__hall-8
shahi tukda,by hand,gulab_jamun,,iit-delhi__jwalamukhi-hostel
sheera,by rule,moong_halwa,a halwa,iit-bombay__hostel-3
sheva,by hand,kheer,,iit-madras__ccw-veg-menu
slice butter,by rule,amul_butter,butter or ghee,iit-kanpur__hall-11
small bagen masala,by rule,mix_veg,a vegetable dish: mix veg stands in,gniot-greater-noida__hostel
snack item,by hand,(not counted),,iit-madras__ccw-veg-menu
snacks,by rule,(not counted),"a heading, a label or a word left over from a split cell, not a dish",iit-delhi__jwalamukhi-hostel
soozi halwa,by rule,moong_halwa,a halwa,iit-kanpur__hall-2
soup paner chili 4 pcs dry soya masala chapati,by rule,roti,a flatbread,iit-dharwad__central-mess
soy milk,by rule,milk_glass,a milk drink: a glass of milk,iiser-bhopal__dining-hall-3
soya bean,by rule,soya_badi,soya chunks,vnit-nagpur__aaswad-mess
soya bean masala,by rule,soya_badi,soya chunks,iit-bombay__hostel-3
soya keema,by rule,(not counted),"meat and fish: the study solves vegetarian and egg diets, which never eat them",gniot-greater-noida__hostel
soyabean matar sabji,by rule,soya_badi,soya chunks,gniot-greater-noida__hostel
soyabeen biriyani,by rule,veg_biryani,a vegetable biryani,iit-kanpur__hall-11
soyabeen mutter semi gravy,by rule,soya_badi,soya chunks,iit-kanpur__hall-2
soyamilk,by hand,milk_glass,,iiser-bhopal__dining-hall-3
spcl,by hand,(not counted),,iit-kanpur__hall-8
spinach kuzhambu,by rule,rasam,a thin tamarind or pepper gravy,sns-college-of-engineering__hostel-mess
spoon peanut butter,by rule,amul_butter,butter or ghee,iit-kanpur__hall-11
sprouted grains milk withbournvita or horlicks,by hand,boiled_sprouts; milk_glass,,iit-kanpur__hall-2
sprouted oats sandwich bread cake size with 17 gram butter or 04 numbers of bread slices sandwich bread cake size with 17 gram butter or boiled egg 01 no or 8 5 gram butter,by hand,boiled_sprouts; oatmeal; bread_slice; amul_butter; boiled_egg,,sliet-longowal__hostel-mess
sprouts black chana,by rule,boiled_sprouts,sprouts or boiled pulses,sliet-longowal__hostel-mess
sprouts mong,by rule,boiled_sprouts,sprouts or boiled pulses,iiser-bhopal__dining-hall-3
sprouts raw,by rule,boiled_sprouts,sprouts or boiled pulses,iit-delhi__jwalamukhi-hostel
squash,by hand,(not counted),,iit-delhi__jwalamukhi-hostel
strawberry milkshake,by rule,milk_glass,a milk drink: a glass of milk,iit-bombay__hostel-3
stuffed kachori,by rule,poori,a deep-fried bread,iit-kanpur__hall-8
stuffed paranthas with 100 gram curd,by hand,aloo_paratha; plain_curd,,sliet-longowal__hostel-mess
sugar,by rule,(not counted),a condiment or garnish: served in amounts too small to move a nutrient,iit-madras__ccw-veg-menu iit-tirupati__central-mess-apr2024 sns-college-of-engineering__hostel-mess
suji halwa,by rule,moong_halwa,a halwa,gniot-greater-noida__hostel iiser-bhopal__dining-hall-3
sundal,by rule,boiled_sprouts,sprouts or boiled pulses,sns-college-of-engineering__hostel-mess
sunday,by rule,(not counted),"a heading, a label or a word left over from a split cell, not a dish",sliet-longowal__hostel-mess
sweet gulaabhaum veg,by rule,gulab_jamun,an Indian sweet: gulab jamun stands in,iit-kanpur__hall-8
sweet lassi 150 200 ml mix veg 20 allo any fruit seasonal,by hand,dahi; mix_veg; fruit_portion,,iiser-bhopal__dining-hall-3
sweets,by hand,gulab_jamun,,iit-delhi__jwalamukhi-hostel
taarii poha sweet corn boiled egg bbj 2 slices cut fruits,by rule,boiled_egg,an egg,iit-dharwad__central-mess
tahari,by rule,veg_biryani,a vegetable biryani,iit-kanpur__hall-2
tamrind chutney lime onion,by rule,green_chutney,a chutney,iit-madras__ccw-veg-menu
tandoor chicken,by rule,(not counted),"meat and fish: the study solves vegetarian and egg diets, which never eat them",iit-kanpur__hall-8
tandoori roti nan aata,by rule,roti,a flatbread,iit-kanpur__hall-8
tandoori salad coconut burfi,by rule,gulab_jamun,an Indian sweet: gulab jamun stands in,iit-dharwad__central-mess
tea with sugar dissolved,by rule,tea,coffee and tea are made with milk in a mess: the catalog's tea stands in for both,sliet-longowal__hostel-mess
tebri,by hand,peas_pulao,,iit-kanpur__hall-8
tendli ki sabzi,by rule,mix_veg,a vegetable dish: mix veg stands in,iit-madras__ccw-veg-menu
thepla,by rule,aloo_paratha,a paratha: the catalog's paratha stands in for all of them,iit-bombay__hostel-3
thesa chatni nimbou pani 150 ml,by hand,green_chutney,,iiser-bhopal__dining-hall-3
thesa chutney,by rule,green_chutney,a chutney,iiser-bhopal__dining-hall-3
thokadalu pappu,by rule,dal_tadka,a dal: the catalog's dal tadka stands in,iit-tirupati__central-mess-apr2024
tilla kulfi,by rule,fruit_custard,a milk dessert: fruit custard stands in,iit-delhi__jwalamukhi-hostel
tomato,by rule,salad,raw vegetables,iiser-bhopal__dining-hall-3 vnit-nagpur__aaswad-mess
tomato chatney,by rule,red_chutney,a red chutney,iit-kanpur__hall-11
tomato chutney,by rule,red_chutney,a red chutney,gniot-greater-noida__hostel iit-kanpur__hall-8 sns-college-of-engineering__hostel-mess vnit-nagpur__aaswad-mess
tomato curry,by rule,mix_veg,a vegetable dish: mix veg stands in,iit-tirupati__central-mess-apr2024
tomato dal,by rule,dal_tadka,a dal: the catalog's dal tadka stands in,iit-madras__ccw-veg-menu iit-tirupati__central-mess-apr2024
tomato ketchup,by hand,(not counted),,iit-kanpur__hall-8
tomato onion chutney,by rule,red_chutney,a red chutney,iit-delhi__jwalamukhi-hostel
tomato rice,by rule,onion_rice,a flavoured rice: rice tempered in oil,iit-bombay__hostel-3
tomato santhagai,by hand,idli,,sns-college-of-engineering__hostel-mess
tomato sauce,by rule,(not counted),a condiment or garnish: served in amounts too small to move a nutrient,iit-delhi__jwalamukhi-hostel iit-madras__ccw-veg-menu
tomato thoviyal,by rule,green_chutney,a chutney,iit-madras__ccw-veg-menu
toor dal,by rule,toor_dal_tadka,toor dal,iit-bombay__hostel-3 iit-madras__ccw-veg-menu vnit-nagpur__aaswad-mess
torai masala,by rule,mix_veg,a vegetable dish: mix veg stands in,gniot-greater-noida__hostel iit-kanpur__hall-11
uday dal,by rule,dal_tadka,a dal: the catalog's dal tadka stands in,vnit-nagpur__aaswad-mess
uggani bajji,by rule,pakoda,a fritter,iit-tirupati__central-mess-apr2024
ulavacharu,by hand,rasam,,iit-tirupati__central-mess-apr2024
urad dal,by rule,dal_makhani,a black dal,iit-tirupati__central-mess-apr2024
vada pav,by hand,vada; bread_slice,,iit-bombay__hostel-3 iit-kanpur__hall-11
vada paw with green,by hand,vada; bread_slice; green_chutney,,gniot-greater-noida__hostel
vada sambhar,by hand,vada; sambhar,,gniot-greater-noida__hostel
vadagam,by rule,vada,a vada,sns-college-of-engineering__hostel-mess
vatha kuzhambu,by rule,rasam,a thin tamarind or pepper gravy,sns-college-of-engineering__hostel-mess
vazhakkai poriyal,by rule,mix_veg,a vegetable dish: mix veg stands in,sns-college-of-engineering__hostel-mess
veg biryani plain rice,by rule,veg_biryani,a vegetable biryani,iit-dharwad__central-mess
veg bryand raiata,by hand,veg_biryani; veg_raita,,iit-kanpur__hall-8
veg chicken stew with vegetables,by hand,mix_veg,,iit-kanpur__hall-8
veg chutney,by rule,green_chutney,a chutney,iit-dharwad__central-mess
veg dalia,by rule,upma,"upma, or a grain porridge made like it",iit-delhi__jwalamukhi-hostel
veg fried rice,by rule,peas_pulao,a pulao or fried rice: rice cooked with oil and a vegetable,iit-dharwad__central-mess
veg jhalfreji,by rule,mix_veg,a vegetable dish: mix veg stands in,iit-kanpur__hall-11
veg kabab pariata non veg kabil chicken,by hand,cutlet; aloo_paratha,,iit-kanpur__hall-8
veg khichadi,by rule,plain_rice; dal_mix,khichdi and pongal are rice cooked with dal,gniot-greater-noida__hostel
veg korma,by rule,mix_veg,a vegetable dish: mix veg stands in,iit-tirupati__central-mess-apr2024
veg kormaa aloo,by rule,mix_veg,a vegetable dish: mix veg stands in,iit-dharwad__central-mess
veg kurma,by rule,mix_veg,a vegetable dish: mix veg stands in,iit-bombay__hostel-3 iit-madras__ccw-veg-menu
veg manchurian methi malai matar daal,by rule,dal_tadka,a dal: the catalog's dal tadka stands in,iit-dharwad__central-mess
veg mix,by rule,mix_veg,a vegetable dish: mix veg stands in,vnit-nagpur__aaswad-mess
veg mix fry,by rule,mix_veg,a vegetable dish: mix veg stands in,iit-tirupati__central-mess-apr2024
veg puff,by rule,samosa,a samosa or a pastry like it,sns-college-of-engineering__hostel-mess
veg pulao,by rule,peas_pulao,a pulao or fried rice: rice cooked with oil and a vegetable,iit-bombay__hostel-3
veg sandwich,by rule,bread_slice,"bread, however it is served",iiser-bhopal__dining-hall-3
vegetable briyani,by rule,mix_veg,a vegetable dish: mix veg stands in,sns-college-of-engineering__hostel-mess
vegetable curd raita,by rule,veg_raita,a raita: curd with a vegetable,iit-tirupati__central-mess-apr2024
vegetable cutlets,by rule,mix_veg,a vegetable dish: mix veg stands in,sliet-longowal__hostel-mess
vegetable fooshi curry,by rule,mix_veg,a vegetable dish: mix veg stands in,iit-kanpur__hall-8
vegetable khichdi,by rule,plain_rice; dal_mix,khichdi and pongal are rice cooked with dal,iit-kanpur__hall-11
vegetable kofta,by rule,veg_kofta,fried vegetable balls in gravy,gniot-greater-noida__hostel
vegetable pulao,by rule,peas_pulao,a pulao or fried rice: rice cooked with oil and a vegetable,iit-madras__ccw-veg-menu
vegetable pulao alternate weeks,by rule,peas_pulao,a pulao or fried rice: rice cooked with oil and a vegetable,iit-tirupati__central-mess-apr2024
vegetable pulav,by rule,peas_pulao,a pulao or fried rice: rice cooked with oil and a vegetable,iit-kanpur__hall-11
vegkhichadi,by hand,plain_rice; dal_mix,,gniot-greater-noida__hostel
veng manchurian,by rule,veg_kofta,fried vegetable balls in gravy,iit-tirupati__central-mess-apr2024
water melon,by rule,fruit_portion,a piece of fruit,iit-tirupati__central-mess-apr2024
wheat rava uppuma,by rule,upma,"upma, or a grain porridge made like it",sns-college-of-engineering__hostel-mess
wheat ravai uppuma,by rule,upma,"upma, or a grain porridge made like it",sns-college-of-engineering__hostel-mess
white 2 bananas,by hand,fruit_portion,,iiser-bhopal__dining-hall-3
white brown bread,by rule,bread_slice,"bread, however it is served",iit-delhi__jwalamukhi-hostel
white chana,by rule,chole,a chickpea curry,sliet-longowal__hostel-mess
white channa,by rule,chole,a chickpea curry,sliet-longowal__hostel-mess
white santhagi,by hand,idli,,sns-college-of-engineering__hostel-mess
